{
  "item_nbr": {
    "mean": 1251436.312682927,
    "var": 345292030801.3689,
    "percentiles": [
      368269.0,
      1306197.5,
      2011934.4
    ],
    "nan_prop": 0.0,
    "inf_prop": 0.0
  },
  "class": {
    "mean": 2169.65,
    "var": 2204422.5860365853,
    "percentiles": [
      1028.0,
      2004.0,
      4126.0
    ],
    "nan_prop": 0.0,
    "inf_prop": 0.0
  },
  "perishable": {
    "mean": 0.24048780487804877,
    "var": 0.1826534205829863,
    "percentiles": [
      0.0,
      0.0,
      1.0
    ],
    "nan_prop": 0.0,
    "inf_prop": 0.0
  },
  "family": {
    "rel_freqs": {
      "GROCERY I": 0.3253658536585366,
      "BEVERAGES": 0.1495121951219512,
      "CLEANING": 0.10878048780487805,
      "PRODUCE": 0.07463414634146341,
      "DAIRY": 0.059024390243902436,
      "PERSONAL CARE": 0.037317073170731706,
      "BREAD/BAKERY": 0.032682926829268294,
      "HOME CARE": 0.026341463414634145,
      "DELI": 0.02219512195121951,
      "MEATS": 0.02048780487804878,
      "HOME AND KITCHEN I": 0.018780487804878048,
      "LIQUOR,WINE,BEER": 0.017804878048780486,
      "FROZEN FOODS": 0.013414634146341463,
      "POULTRY": 0.013170731707317073,
      "HOME AND KITCHEN II": 0.01097560975609756,
      "EGGS": 0.01,
      "CELEBRATION": 0.007560975609756097,
      "LAWN AND GARDEN": 0.006341463414634147,
      "PREPARED FOODS": 0.006341463414634147,
      "LADIESWEAR": 0.005121951219512195,
      "AUTOMOTIVE": 0.004878048780487805,
      "LINGERIE": 0.004878048780487805,
      "BEAUTY": 0.004634146341463414,
      "PLAYERS AND ELECTRONICS": 0.004146341463414634,
      "SCHOOL AND OFFICE SUPPLIES": 0.003658536585365854,
      "GROCERY II": 0.0034146341463414634,
      "PET SUPPLIES": 0.0034146341463414634,
      "SEAFOOD": 0.001951219512195122,
      "MAGAZINES": 0.0014634146341463415,
      "HARDWARE": 0.000975609756097561,
      "HOME APPLIANCES": 0.00024390243902439024,
      "BABY CARE": 0.00024390243902439024,
      "BOOKS": 0.00024390243902439024
    },
    "nan_prop": 0.0,
    "inf_prop": 0.0
  }
}