{
  "store_nbr": {
    "mean": 27.5,
    "var": 242.91666666666663,
    "percentiles": [
      6.300000000000001,
      27.5,
      48.7
    ],
    "nan_prop": 0.0,
    "inf_prop": 0.0
  },
  "cluster": {
    "mean": 8.481481481481481,
    "var": 21.620027434842257,
    "percentiles": [
      3.0,
      8.5,
      15.0
    ],
    "nan_prop": 0.0,
    "inf_prop": 0.0
  },
  "city": {
    "rel_freqs": {
      "Quito": 0.3333333333333333,
      "Guayaquil": 0.14814814814814814,
      "Cuenca": 0.05555555555555555,
      "Santo Domingo": 0.05555555555555555,
      "Manta": 0.037037037037037035,
      "Latacunga": 0.037037037037037035,
      "Machala": 0.037037037037037035,
      "Ambato": 0.037037037037037035,
      "Quevedo": 0.018518518518518517,
      "Esmeraldas": 0.018518518518518517,
      "Loja": 0.018518518518518517,
      "Libertad": 0.018518518518518517,
      "Playas": 0.018518518518518517,
      "Daule": 0.018518518518518517,
      "Babahoyo": 0.018518518518518517,
      "Salinas": 0.018518518518518517,
      "Puyo": 0.018518518518518517,
      "Guaranda": 0.018518518518518517,
      "Ibarra": 0.018518518518518517,
      "Riobamba": 0.018518518518518517,
      "Cayambe": 0.018518518518518517,
      "El Carmen": 0.018518518518518517
    },
    "nan_prop": 0.0,
    "inf_prop": 0.0
  },
  "state": {
    "rel_freqs": {
      "Pichincha": 0.35185185185185186,
      "Guayas": 0.2037037037037037,
      "Santo Domingo de los Tsachilas": 0.05555555555555555,
      "Azuay": 0.05555555555555555,
      "Manabi": 0.05555555555555555,
      "Cotopaxi": 0.037037037037037035,
      "Tungurahua": 0.037037037037037035,
      "Los Rios": 0.037037037037037035,
      "El Oro": 0.037037037037037035,
      "Chimborazo": 0.018518518518518517,
      "Imbabura": 0.018518518518518517,
      "Bolivar": 0.018518518518518517,
      "Pastaza": 0.018518518518518517,
      "Santa Elena": 0.018518518518518517,
      "Loja": 0.018518518518518517,
      "Esmeraldas": 0.018518518518518517
    },
    "nan_prop": 0.0,
    "inf_prop": 0.0
  },
  "type": {
    "rel_freqs": {
      "D": 0.3333333333333333,
      "C": 0.2777777777777778,
      "A": 0.16666666666666666,
      "B": 0.14814814814814814,
      "E": 0.07407407407407407
    },
    "nan_prop": 0.0,
    "inf_prop": 0.0
  }
}